<?xml version="1.0"?>
<object name="maw.meta.mawLib" 
		group="helper"
		type="abstraction" 
		tags="help,helper,helper" 
		web="http://dev.minneapolisartonwheels.org/maw.meta.mawLib">
	<summary>An abstraction for maw.meta.mawLib.</summary>
	<description>Lorem ipsum dolor sit amet, consectetur adipiscing elit. Pellentesque mauris odio, blandit a posuere at, bibendum vitae urna. Aenean semper commodo dignissim. Integer diam nunc, congue ut faucibus sit amet, convallis rutrum ipsum. Morbi a commodo leo. Aenean pretium tellus eu metus mattis ornare. Integer faucibus lorem eu dui dictum in congue nisl hendrerit. Quisque nec risus vel augue faucibus sagittis. Nullam malesuada sem hendrerit erat varius mollis. Phasellus elementum magna ac ante ultricies commodo. Nam enim dolor, tincidunt at sollicitudin vitae, ullamcorper non metus. Nam tellus magna, mattis vel hendrerit sed, scelerisque sit amet libero.</description>
	<input name="Single plane char matrix"/>
	<output name="2-plane float matrix\nPlane 0: horizontal flow\nPlane 1: vertical flow"/>
	<authors>
		<author name="Christopher Baker" email="info@christopherbaker.net" web="http://christopherbaker.net" affiliation="UMN"/>
		<author name="Ali Momeni" email="ali@umn.edu" web="http://alimomeni.net" affiliation="UMN"/>
	</authors>
	<citations>
		<reference name="twitter4j" web="http://twitter4j.com" note="A java library for the Twitter API."/>
		<reference name="box2D" web="http://box2d.com" note="A c++ 2D physics library."/>
	</citations>
	<copyrights>
		<copyright name="� University of Minnesota, 2009-2010"/>
	</copyrights>
	<sponsors>
		<sponsor name="Minnesota Futures Grant" web="http://minnesotafutures.org"/>
	</sponsors>
	<see-also-objects>
		<object name="maw.animation.box2d"/>
		<object name="maw.jit.blur"/>
		<object name="maw.data.twitter"/>
	</see-also-objects>
</object>
